DCP,Jname,RIP,SNIP
1.5245398773006136,Automatica,0.47019867549668876,0.47019867549668876
